{"Collections":[{"sheetName":"Sheet1","startColumn":"A","endColumn":"A","startRow":"1","endRow":"+","comment":"The fourth level of the hierarchy","rule":"Class: @D*(mm:SkipIfEmptyLabel)\n    SubClassOf: @C*(mm:ShiftUp)","active":true},{"sheetName":"Sheet1","startColumn":"A","endColumn":"A","startRow":"1","endRow":"+","comment":"The first level of the hierarchy","rule":"Class: @A*\n   SubClassOf: FoodStuff","active":true},{"sheetName":"Sheet1","startColumn":"A","endColumn":"A","startRow":"1","endRow":"+","comment":"The second level of the hierarchy","rule":"Class: @B*(mm:SkipIfEmptyLabel)\n    SubClassOf: @A*(mm:ShiftUp)","active":true},{"sheetName":"Sheet1","startColumn":"A","endColumn":"A","startRow":"1","endRow":"+","comment":"The third level of the hierarchy","rule":"Class: @C*(mm:SkipIfEmptyLabel)\n    SubClassOf: @B*(mm:ShiftUp)","active":true}]}