{"Collections":[{"sheetName":"Sheet1","startColumn":"A","endColumn":"A","startRow":"1","endRow":"+","comment":"","rule":"Class: @B*(mm:SkipIfEmptyLabel)\n    SubClassOf: @A*(mm:ShiftUp)","active":true},{"sheetName":"Sheet1","startColumn":"A","endColumn":"A","startRow":"1","endRow":"+","comment":"","rule":"Class: @A*\n   SubClassOf: FoodStuff","active":true},{"sheetName":"Sheet1","startColumn":"A","endColumn":"A","startRow":"1","endRow":"+","comment":"","rule":"Class: @C*(mm:SkipIfEmptyLabel)\n    SubClassOf: @B*(mm:ShiftUp)","active":true},{"sheetName":"Sheet1","startColumn":"A","endColumn":"A","startRow":"1","endRow":"+","comment":"","rule":"Class: @D*(mm:SkipIfEmptyLabel)\n    SubClassOf: @C*(mm:ShiftUp)","active":true}]}